{"cameraMode":{"drawMode":0,"name":"Shaded","section":"Shading Mode"},"sceneLighting":true,"audioPlay":false,"sceneViewState":{"showFog":true,"showMaterialUpdate":false,"showSkybox":true,"showFlares":true,"showImageEffects":true,"showParticleSystems":true},"in2DMode":false,"pivot":{"x":53.54990768432617,"y":-18.528499603271486,"z":24.302921295166017},"rotation":{"x":0.3036428689956665,"y":0.6959936022758484,"z":-0.47341078519821169,"w":0.4464056193828583},"size":100.59266662597656,"orthographic":false}