{"cameraMode":{"drawMode":0,"name":"Shaded","section":"Shading Mode"},"sceneLighting":false,"audioPlay":false,"sceneViewState":{"showFog":true,"showMaterialUpdate":false,"showSkybox":false,"showFlares":true,"showImageEffects":true,"showParticleSystems":true},"in2DMode":false,"pivot":{"x":-0.48610085248947146,"y":1.4109995365142823,"z":-11.383502006530762},"rotation":{"x":-0.007718042470514774,"y":0.9409510493278503,"z":-0.021462492644786836,"w":-0.33783456683158877},"size":4.815466403961182,"orthographic":false}