{"cameraMode":{"drawMode":0,"name":"Shaded","section":"Shading Mode"},"sceneLighting":false,"audioPlay":false,"sceneViewState":{"showFog":true,"showMaterialUpdate":false,"showSkybox":false,"showFlares":true,"showImageEffects":true,"showParticleSystems":true},"in2DMode":false,"pivot":{"x":-0.40460842847824099,"y":0.7776305079460144,"z":0.22250305116176606},"rotation":{"x":-0.2645435631275177,"y":0.08547592163085938,"z":-0.023564990609884263,"w":-0.9603174328804016},"size":2.7649729251861574,"orthographic":false}